participant,DAT
0,91.5544120650295
1,89.8480494750575
2,82.43658914275113
3,91.14318919101996
4,81.29630597485674
5,88.20326247341221
6,91.93046234681138
7,89.528963342309
8,84.33507011671152
9, 86.65
10,86.82542846848568
11,91.39982385649567
